phase,direction,progress_start_m,progress_end_m,count,signed_median_m,abs_median_m,abs_p95_m,abs_max_m
0,1,0.0,5.0,110,0.053059773310414185,0.0530597733104142,0.08266367946994783,0.08583496654251813
0,1,5.0,10.0,110,0.05254284750274272,0.052542847502742726,0.06881860329453536,0.07497247065275436
0,1,10.0,15.0,111,0.04634189105883011,0.04634189105883011,0.08187892269239014,0.0956811424983789
0,1,15.0,20.0,107,0.0587722736888611,0.05877227368886109,0.08331423974046365,0.08812225211171776
0,1,20.0,25.0,107,0.058716725778112926,0.05871672577811292,0.07949820666529382,0.09204894030582794
0,1,25.0,30.0,109,0.04583978237086055,0.045839782370860546,0.07786441263807616,0.09031190043115052
0,1,30.0,35.0,106,0.039209262287446936,0.039209262287446936,0.05606756272142205,0.06875367752054073
0,1,35.0,40.0,109,0.04691317182692307,0.04691317182692307,0.07307924790850291,0.08038465781211805
0,1,40.0,45.0,110,0.05900456268312168,0.05900456268312168,0.08138922166113162,0.09269944851933246
0,1,45.0,50.0,106,0.07444109799149254,0.07444109799149254,0.09648780579274024,0.10224875425310377
0,1,50.0,55.0,110,0.05356826921560842,0.05356826921560843,0.07060154121889413,0.07726281899098
0,1,55.0,60.0,118,0.038656712729807,0.044896852754857476,0.13473552152983626,0.15807758654836782
0,1,60.0,65.0,102,-0.17018519567428403,0.17018519567428403,0.19265318515785548,0.204673923682381
0,1,65.0,70.0,100,-0.1604465238779838,0.1604465238779838,0.1811096441207138,0.18818744405683174
0,1,70.0,75.0,102,-0.19049633028062676,0.1904963302806268,0.21526996644398805,0.2251301351422342
0,1,75.0,80.0,102,-0.18886180757599097,0.18886180757599097,0.20469894538735497,0.2122369610900229
0,1,80.0,85.0,101,-0.20233383965131632,0.2023338396513163,0.21421111731219586,0.21790452597315957
0,1,85.0,90.0,100,-0.18735397456406977,0.18735397456406974,0.21117815941696233,0.22338692126232154
0,1,90.0,95.0,99,-0.19184171841057424,0.19184171841057426,0.20844559215103098,0.21605092426134379
0,1,95.0,100.0,102,-0.19874448129841443,0.19874448129841443,0.20897026445729044,0.21200607219793435
0,1,100.0,105.0,99,-0.1920662840499805,0.1920662840499805,0.2090818027087988,0.2132810719857489
0,1,105.0,110.0,103,-0.19244426997923403,0.19244426997923406,0.21030330791142293,0.21334893285855863
0,1,110.0,115.0,100,-0.18919074400024832,0.18919074400024832,0.20696204399983137,0.21405970771637667
0,1,115.0,120.0,100,-0.19497061174209676,0.1949706117420968,0.2215240111492633,0.23066089116702387
0,1,120.0,125.0,103,-0.21570228566756028,0.21570228566756028,0.23634865543680997,0.2501254632567784
0,1,125.0,130.0,103,-0.20011923235720802,0.200119232357208,0.2239153784020961,0.23350325887354853
0,1,130.0,135.0,101,-0.1957991018490594,0.19579910184905938,0.22888671450997364,0.23459878249050897
0,1,135.0,140.0,100,-0.2026204664983154,0.2026204664983154,0.24022795140635725,0.2501504402835154
0,1,140.0,145.0,102,-0.20290817478020562,0.20290817478020562,0.22588244194685494,0.23211249508668325
0,1,145.0,150.0,108,-0.12920451449283707,0.12920451449283704,0.19045309505088745,0.2020409225201707
0,1,150.0,155.0,108,-0.009650169680021217,0.024544507724883688,0.06331337049749224,0.07686801966870517
0,1,155.0,160.0,79,0.047526762719260776,0.047526762719260776,0.06674360350193805,0.07399514385564455
1,-1,0.0,5.0,100,0.04278397012986712,0.04278397012986712,0.07404650560432365,0.07875868293503556
1,-1,5.0,10.0,111,0.022304709033444312,0.02230470903344432,0.04686687445578209,0.062150946691262754
1,-1,10.0,15.0,110,0.00838985949191862,0.009729360389864456,0.034646691205755226,0.048739236495556615
1,-1,15.0,20.0,111,0.03142696543291549,0.03142696543291549,0.06520654169467754,0.07652878094787471
1,-1,20.0,25.0,108,0.03645238902746037,0.03645238902746037,0.06398489913645485,0.08133233378706253
1,-1,25.0,30.0,107,-0.010331951814005263,0.019707648055006178,0.03415617233249327,0.06413610274197205
1,-1,30.0,35.0,111,0.0010250704812923383,0.008730788142146903,0.02667208284883845,0.040559739033955974
1,-1,35.0,40.0,110,0.02475332220722934,0.024753322207229336,0.06337199675972671,0.07258458417170802
1,-1,40.0,45.0,108,0.04076819578919175,0.04076819578919175,0.08435275365993022,0.10223790461803005
1,-1,45.0,50.0,101,0.04104668496157621,0.04104668496157621,0.07771866467274896,0.10085824432938598
1,-1,50.0,55.0,100,0.014307289498794434,0.023503804827451253,0.04105447298117761,0.053427735583011365
1,-1,55.0,60.0,114,-0.07491035940633281,0.07491035940633282,0.3052366259491824,0.32839774871851435
1,-1,60.0,65.0,96,-0.24369727702392313,0.24369727702392308,0.26538035508623253,0.26719402785150004
1,-1,65.0,70.0,100,-0.23736253435801813,0.23736253435801813,0.26197521223695036,0.2711626124469113
1,-1,70.0,75.0,104,-0.26929333840382585,0.26929333840382585,0.28148876603110434,0.2885149188593946
1,-1,75.0,80.0,101,-0.26361969299925664,0.26361969299925664,0.28675473433122917,0.2920465891925288
1,-1,80.0,85.0,100,-0.2691653675908179,0.2691653675908179,0.288092441172514,0.2915140645825836
1,-1,85.0,90.0,92,-0.25566427639277706,0.255664276392777,0.27229646053066775,0.28013887671953586
1,-1,90.0,95.0,92,-0.2483814845348259,0.2483814845348259,0.2669913978914711,0.275798464099539
1,-1,95.0,100.0,93,-0.26617750551185165,0.26617750551185165,0.286110306398282,0.2952611816972759
1,-1,100.0,105.0,95,-0.2613559841562123,0.26135598415621236,0.27514273863982325,0.28501184208765035
1,-1,105.0,110.0,98,-0.25517046539913857,0.25517046539913857,0.26855763257417126,0.27726348533291784
1,-1,110.0,115.0,103,-0.25552315326281855,0.25552315326281855,0.28019806175184625,0.2919691906031395
1,-1,115.0,120.0,101,-0.24116908219772204,0.24116908219772207,0.26908022358935435,0.2737165009696222
1,-1,120.0,125.0,100,-0.2634571721664095,0.2634571721664095,0.28048915498520316,0.29128805319074985
1,-1,125.0,130.0,101,-0.2579595162794499,0.2579595162794499,0.28044652074902143,0.29590498400759707
1,-1,130.0,135.0,102,-0.26840584457612604,0.26840584457612604,0.2841911251337446,0.2896828730085966
1,-1,135.0,140.0,101,-0.2798314215826745,0.27983142158267443,0.3012432114147097,0.3095664829827489
1,-1,140.0,145.0,101,-0.29301992887775885,0.29301992887775885,0.31761947049875655,0.32457715229050726
1,-1,145.0,150.0,109,-0.1808455536097337,0.18084555360973367,0.2595324422151135,0.2635596811509834
1,-1,150.0,155.0,110,-0.018772765823389582,0.022510147183379983,0.10057445983296333,0.11221712436235382
1,-1,155.0,160.0,202,-0.055644607823378565,0.057994824608188555,0.10876098814482156,0.11965758123239717
2,1,0.0,5.0,211,-0.09891079856385629,0.10671886673495085,0.27919312140982977,0.2840143346099662
2,1,5.0,10.0,102,0.0527325603987467,0.05273256039874669,0.07428344425320318,0.08771223733850009
2,1,10.0,15.0,46,0.04931619152961364,0.04931619152961363,0.06456408754756246,0.0665924029141088
