id,x,y,yaw,v
0,0.007,-0.012,0.002,0.2
1,0.546,0.033,0.0646,0.2
2,0.847,-0.269,0.0375,0.2
3,1.064,0.111,0.0303,0.2
4,1.49,0.06,0.0295,0.2
5,1.961,0.074,0.0428,0.2
6,2.395,0.17,0.044,0.2
7,2.815,0.16,0.0494,0.2
8,3.272,0.207,0.0628,0.2
9,3.751,0.186,0.0548,0.2
10,4.143,0.285,0.0544,0.2
11,4.677,0.303,0.0419,0.2
12,5.14,0.345,0.0592,0.2
13,5.593,0.394,0.063,0.2
14,6.06,0.472,0.0658,0.2
15,6.518,0.501,0.0781,0.2
16,6.931,0.544,0.088,0.2
17,7.327,0.622,0.0834,0.2
18,7.769,0.636,0.0892,0.2
19,8.211,0.663,0.1074,0.2
20,8.628,0.745,0.0877,0.2
21,9.194,0.85,0.0729,0.2
22,9.809,0.995,0.114,0.2
23,10.299,0.998,0.113,0.2
24,10.732,0.988,0.0268,0.2
25,11.149,1.026,0.0342,0.2
26,11.564,0.98,0.0254,0.2
27,12.011,1.018,0.0143,0.2
28,12.434,1.054,0.0217,0.2
29,12.946,1.086,0.0281,0.2
30,13.398,1.114,0.0334,0.2
31,13.805,1.101,0.0474,0.2
32,14.319,1.128,0.0387,0.2
33,14.734,1.16,0.0548,0.2
34,15.335,1.224,0.0537,0.2
35,15.853,1.261,0.0595,0.2
36,16.294,1.273,0.067,0.2
37,16.724,1.291,0.0256,0.2
38,17.135,1.344,0.0146,0.2
39,17.563,1.364,0.0261,0.2
40,18.015,1.332,0.0227,0.2
41,18.452,1.344,0.0163,0.2
42,18.96,1.368,0.0159,0.2
43,19.504,1.375,0.0216,0.2
44,20.049,1.448,0.0193,0.2
45,20.477,1.474,0.0399,0.2
46,20.937,1.48,0.0366,0.2
47,21.444,1.51,0.0245,0.2
48,21.877,1.566,0.0351,0.2
49,22.554,1.58,0.0517,0.2
50,22.974,1.603,0.0486,0.2
51,23.435,1.621,0.0532,0.2
52,23.949,1.644,0.0499,0.2
53,24.388,1.757,0.0495,0.2
54,24.799,1.738,0.0521,0.2
55,25.229,1.749,0.0388,0.2
56,25.655,1.821,0.0458,0.2
57,26.082,1.85,0.0381,0.2
58,26.572,1.835,0.0395,0.2
59,27.031,1.897,0.0353,0.2
60,27.511,1.933,0.0251,0.2
61,27.948,1.973,0.0484,0.2
62,28.381,1.977,0.0399,0.2
63,28.869,2.036,0.0547,0.2
64,29.479,1.988,0.0584,0.2
65,29.926,2.105,0.0554,0.2
66,30.348,2.149,0.0633,0.2
67,30.934,1.997,0.043,0.2
68,32.199,2.501,0.0351,0.2
69,33.633,2.899,0.0648,0.2
70,34.242,2.871,0.0459,0.2
71,35.361,3.011,0.0767,0.2
72,35.849,3.103,0.0923,0.2
73,36.386,3.205,0.0834,0.2
74,36.808,3.296,0.0791,0.2
75,37.311,3.271,0.0682,0.2
76,38.114,3.331,0.1036,0.2
77,38.666,3.591,0.1026,0.2
78,39.221,3.64,0.0958,0.2
79,39.82,3.786,0.1114,0.2
80,40.224,3.876,0.1094,0.2
81,40.78,3.939,0.1366,0.2
82,41.286,3.987,0.131,0.2
83,41.686,4.1,0.1057,0.2
84,42.177,4.188,0.1233,0.2
85,42.614,4.247,0.1091,0.2
86,43.287,4.394,0.1197,0.2
87,43.744,4.435,0.1182,0.2
88,43.628,4.912,0.0241,0.2
89,43.877,5.235,0.0584,0.2
90,44.202,5.507,0.046,0.2
91,44.547,5.75,0.0643,0.2
92,45.003,6.038,0.008,0.2
93,45.629,6.325,0.0025,0.2
94,46.087,6.376,0.0221,0.2
95,46.543,6.412,0.0431,0.2
96,46.983,6.425,0.0197,0.2
97,47.538,6.423,0.0407,0.2
98,48.346,6.112,0.1343,0.2
99,48.732,5.904,0.1234,0.2
100,49.21,6.088,0.092,0.2
101,49.449,6.455,0.083,0.2
102,50.03,6.602,0.1028,0.2
103,50.562,6.553,0.1012,0.2
104,51.067,6.592,0.101,0.2
105,51.721,6.656,0.1136,0.2
106,52.185,6.803,0.1334,0.2
107,52.872,6.867,0.1159,0.2
108,53.317,6.896,0.1188,0.2
109,53.725,6.843,0.1324,0.2
110,54.085,7.023,0.1293,0.2
111,54.486,7.06,0.1309,0.2
112,54.936,7.188,0.1156,0.2
113,55.351,7.253,0.1276,0.2
114,55.777,7.281,0.0866,0.2
115,56.212,7.34,0.0892,0.2
116,56.659,7.345,0.0862,0.2
117,57.186,7.477,0.0846,0.2
118,57.657,7.542,0.0855,0.2
119,58.145,7.577,0.0827,0.2
120,58.63,7.627,0.0853,0.2
121,59.023,7.711,0.1078,0.2
122,59.702,7.724,0.1024,0.2
123,60.35,7.858,0.0907,0.2
124,60.788,8.025,0.1123,0.2
125,61.196,8.033,0.1184,0.2
126,61.678,8.101,0.1177,0.2
127,62.115,8.12,0.095,0.2
128,62.17,7.621,-1.084,0.2
129,62.911,7.738,-1.1911,0.2
130,63.268,7.513,-1.2025,0.2
131,63.339,7.089,-1.1996,0.2
132,63.475,6.631,-1.2127,0.2
133,63.538,6.085,-1.2069,0.2
134,63.631,5.689,-1.2513,0.2
135,63.805,5.324,-1.269,0.2
136,63.834,4.849,-1.2624,0.2
137,63.921,4.376,-1.2628,0.2
138,64.064,3.834,-1.324,0.2
139,64.07,3.244,-1.3727,0.2
140,64.068,2.782,-1.3576,0.2
141,63.881,2.388,-1.3135,0.2
142,63.855,1.937,-1.3189,0.2
143,63.955,1.502,-1.3262,0.2
144,64.088,0.976,-1.364,0.2
145,64.234,0.431,-1.349,0.2
146,64.403,-0.02,-1.3527,0.2
147,64.335,-0.56,-1.3609,0.2
148,64.318,-1.043,-1.3567,0.2
149,64.344,-1.518,-1.3401,0.2
150,64.416,-1.916,-1.3439,0.2
151,64.426,-2.317,-1.312,0.2
152,64.495,-2.84,-1.3167,0.2
153,64.536,-3.376,-1.3152,0.2
154,64.548,-3.786,-1.3399,0.2
155,64.572,-4.234,-1.3159,0.2
156,64.673,-4.903,-1.3204,0.2
157,64.689,-5.545,-1.3216,0.2
158,64.807,-6.092,-1.3182,0.2
159,64.812,-6.606,-1.3209,0.2
160,64.857,-7.412,-1.3332,0.2
161,65.023,-8.01,-1.2761,0.2
162,64.684,-8.357,-1.1815,0.2
163,64.554,-8.829,-1.2085,0.2
164,64.475,-9.308,-1.2449,0.2
165,64.325,-9.765,-1.2738,0.2
166,64.806,-10.259,-1.2874,0.2
167,65.033,-10.638,-1.2561,0.2
168,65.255,-11.027,-1.2735,0.2
169,65.523,-11.377,-1.2668,0.2
170,65.983,-11.822,-1.2961,0.2
171,66.031,-12.241,-1.2635,0.2
172,66.016,-12.678,-1.2711,0.2
173,66.061,-13.126,-1.2562,0.2
174,66.204,-13.536,-1.2465,0.2
175,66.338,-14.036,-1.2414,0.2
176,66.272,-14.618,-1.2751,0.2
177,66.471,-15.044,-1.2422,0.2
178,66.502,-15.509,-1.3044,0.2
179,66.568,-15.986,-1.2907,0.2
180,66.66,-16.469,-1.2667,0.2
181,66.741,-16.993,-1.2669,0.2
182,66.717,-17.478,-1.2778,0.2
183,66.721,-17.897,-1.2745,0.2
184,66.854,-18.29,-1.2563,0.2
185,66.992,-18.746,-1.2772,0.2
186,67.032,-19.187,-1.3359,0.2
187,67.104,-19.659,-1.3062,0.2
188,67.083,-20.139,-1.2846,0.2
189,67.334,-19.727,-1.3455,0.2
190,66.895,-18.629,-1.3448,0.2
191,66.648,-17.649,-1.3432,0.2
192,66.483,-16.688,-1.3365,0.2
193,66.317,-15.778,-1.3315,0.2
194,66.136,-14.859,-1.3129,0.2
195,65.915,-13.945,-1.3269,0.2
196,65.551,-12.58,-1.3401,0.2
197,65.419,-11.688,-1.3664,0.2
198,65.332,-11.172,-1.2897,0.2
199,65.229,-10.136,-1.2887,0.2
200,65.125,-9.166,-1.2928,0.2
201,65.053,-8.147,-1.2992,0.2
202,65.092,-7.714,-1.32,0.2
203,65.139,-7.225,-1.2682,0.2
204,65.078,-6.634,-1.2767,0.2
205,65.019,-6.058,-1.2975,0.2
206,64.978,-5.486,-1.2883,0.2
207,64.939,-4.235,-1.1813,0.2
208,64.981,-3.532,-1.1371,0.2
209,64.952,-2.917,-1.1643,0.2
210,64.851,-2.322,-1.133,0.2
211,64.71,-1.128,-1.0815,0.2
212,64.594,-0.538,-1.0573,0.2
213,64.113,1.161,-1.0336,0.2
214,63.949,1.648,-1.0351,0.2
215,63.817,2.129,-1.0466,0.2
216,63.692,2.66,-1.0294,0.2
217,63.614,3.154,-1.0507,0.2
218,63.553,3.657,-1.0608,0.2
219,63.484,4.098,-1.0744,0.2
220,63.403,4.524,-1.0342,0.2
221,63.226,5.329,-1.0242,0.2
222,63.021,6.477,-1.0452,0.2
223,62.978,7.162,-1.0384,0.2
224,62.822,8.274,-1.0298,0.2
225,62.741,9.007,-1.0231,0.2
226,62.614,9.663,-1.048,0.2
227,62.57,10.342,-1.0407,0.2
228,62.359,11.113,-1.0377,0.2
229,62.255,11.909,-1.0314,0.2
230,62.586,12.162,-1.0926,0.2
231,62.736,11.768,-1.0881,0.2
232,62.933,11.297,-1.0864,0.2
233,63.092,10.903,-1.0751,0.2
234,63.134,10.443,-1.0751,0.2
235,63.343,10.024,-1.0779,0.2
236,63.547,9.68,-1.0863,0.2
237,63.899,9.065,-1.0849,0.2
238,64.124,8.633,-1.0933,0.2
239,64.27,8.095,-1.0586,0.2
240,64.424,7.651,-1.0513,0.2
241,64.539,7.188,-1.0258,0.2
242,64.59,6.663,-1.1871,0.2
243,64.666,6.1,-1.2105,0.2
244,64.854,5.568,-1.1969,0.2
245,64.989,5.11,-1.2049,0.2
246,64.679,4.783,-1.1819,0.2
247,64.562,4.324,-1.0854,0.2
248,64.561,3.852,-1.0805,0.2
249,64.595,3.409,-1.0869,0.2
250,64.703,2.913,-1.077,0.2
251,64.805,2.244,-1.0596,0.2
252,65.053,1.515,-1.0291,0.2
253,64.967,1.005,-1.0281,0.2
254,65.013,0.465,-1.0638,0.2
255,65.062,-0.028,-1.052,0.2
256,65.055,-0.599,-1.0616,0.2
257,65.258,-1.084,-1.0302,0.2
258,65.23,-1.622,-1.0217,0.2
259,65.484,-2.134,-1.0372,0.2
260,65.869,-2.815,-1.0395,0.2
261,66.008,-3.202,-1.0932,0.2
262,66.025,-3.651,-1.1022,0.2
263,65.934,-4.631,-1.0742,0.2
264,65.655,-4.921,-1.0884,0.2
265,65.452,-5.557,-1.1159,0.2
266,65.704,-6.09,-1.1572,0.2
267,66.017,-6.606,-1.1661,0.2
268,66.373,-7.17,-1.1578,0.2
269,66.771,-7.704,-1.1645,0.2
270,66.98,-8.104,-1.1918,0.2
271,66.991,-8.572,-1.198,0.2
272,67.009,-9.128,-1.1488,0.2
273,67.104,-9.527,-1.1453,0.2
274,67.127,-9.935,-1.1467,0.2
275,66.725,-9.935,-1.1083,0.2
276,66.199,-9.775,-1.1491,0.2
277,65.647,-9.601,-1.1551,0.2
278,65.158,-9.424,-1.1474,0.2
279,65.049,-9.847,-1.0655,0.2
280,65.19,-10.357,-1.0543,0.2
281,65.22,-10.936,-1.0698,0.2
282,65.34,-11.418,-1.0561,0.2
283,65.365,-11.98,-1.0894,0.2
284,65.482,-12.456,-1.1808,0.2
285,65.617,-12.861,-1.1697,0.2
286,65.804,-13.311,-1.1878,0.2
287,66.036,-13.871,-1.1736,0.2
288,66.307,-14.198,-1.126,0.2
289,66.777,-14.404,-1.1684,0.2
290,67.21,-14.558,-1.1835,0.2
291,67.611,-14.936,-1.179,0.2
292,67.683,-15.464,-1.1527,0.2
293,67.711,-15.97,-1.1536,0.2
294,67.919,-16.675,-1.2096,0.2
295,68.088,-17.19,-1.2148,0.2
296,68.265,-17.726,-1.2388,0.2
297,68.44,-18.105,-1.2191,0.2
298,68.703,-18.655,-1.2448,0.2
299,68.916,-19.086,-1.213,0.2
300,68.937,-19.5,-1.2708,0.2
301,68.572,-19.747,-1.266,0.2
302,68.054,-19.861,-1.2946,0.2
303,67.65,-19.929,-1.2792,0.2
304,67.366,-19.487,-1.2621,0.2
305,67.264,-18.773,-1.2591,0.2
306,67.17,-18.154,-1.2564,0.2
307,67.099,-17.703,-1.2362,0.2
308,66.984,-17.138,-1.2025,0.2
309,66.83,-16.725,-1.2232,0.2
310,66.678,-16.229,-1.2336,0.2
311,66.569,-15.747,-1.1957,0.2
312,66.454,-15.209,-1.1921,0.2
313,66.382,-14.793,-1.2045,0.2
314,66.299,-14.306,-1.1955,0.2
315,66.11,-13.839,-1.1732,0.2
316,66.034,-13.434,-1.153,0.2
317,66.18,-14.013,-1.0829,0.2
318,66.398,-14.631,-1.1008,0.2
319,66.582,-15.21,-1.148,0.2
320,66.879,-15.984,-1.1087,0.2
321,67.243,-17.117,-1.0878,0.2
322,67.359,-17.569,-1.0922,0.2
323,67.468,-18.033,-1.1275,0.2
324,67.69,-18.988,-1.1417,0.2
325,67.75,-19.493,-1.1398,0.2
326,67.824,-19.941,-0.8862,0.2
327,68.157,-20.441,-0.127,0.2
328,68.481,-20.813,0.0813,0.2
329,68.96,-20.819,0.1958,0.2
330,69.387,-20.491,0.1599,0.2
331,69.735,-20.293,0.165,0.2
332,70.129,-20.086,0.1921,0.2
333,70.508,-19.924,0.1659,0.2
334,70.928,-19.751,0.1557,0.2
335,71.257,-19.503,0.1486,0.2
336,71.583,-19.263,0.17,0.2
337,71.951,-19.025,0.15,0.2
338,72.374,-18.827,0.1265,0.2
339,72.908,-18.635,0.1266,0.2
340,73.373,-18.463,0.1189,0.2
341,73.769,-18.16,0.1239,0.2
342,74.132,-17.955,0.0851,0.2
343,74.599,-17.879,0.0621,0.2
344,75.002,-17.792,0.0727,0.2
345,75.518,-17.707,0.0676,0.2
346,75.989,-17.648,0.097,0.2
347,76.442,-17.573,0.0981,0.2
348,76.881,-17.484,0.0703,0.2
349,77.292,-17.418,0.0824,0.2
350,77.78,-17.343,0.1451,0.2
351,78.223,-17.202,0.1598,0.2
352,78.656,-17.039,0.1594,0.2
353,79.058,-16.924,0.1575,0.2
354,79.555,-16.804,0.1564,0.2
355,79.978,-16.696,0.1489,0.2
356,80.477,-16.554,0.1647,0.2
357,80.93,-16.42,0.1713,0.2
358,81.406,-16.297,0.1734,0.2
359,81.846,-16.152,0.1655,0.2
360,82.265,-16.048,0.1699,0.2
361,82.657,-15.925,0.1767,0.2
362,83.18,-15.773,0.1774,0.2
363,83.691,-15.58,0.1743,0.2
364,84.141,-15.454,0.1914,0.2
365,84.539,-15.347,0.2026,0.2
366,84.949,-15.234,0.164,0.2
367,85.461,-15.083,0.1727,0.2
368,86.056,-14.84,0.2011,0.2
369,86.446,-14.735,0.1898,0.2
370,87.053,-14.615,0.2017,0.2
371,87.759,-14.331,0.1749,0.2
372,88.27,-14.221,0.1767,0.2
373,88.748,-14.052,0.1795,0.2
374,89.147,-13.907,0.1699,0.2
375,89.554,-13.708,0.2034,0.2
376,90.081,-13.575,0.2006,0.2
377,90.6,-13.461,0.1898,0.2
378,91.065,-13.319,0.1888,0.2
379,91.51,-13.125,0.1849,0.2
380,92.015,-12.956,0.1901,0.2
381,92.463,-12.814,0.217,0.2
382,92.869,-12.719,0.2217,0.2
383,93.369,-12.56,0.2188,0.2
384,93.869,-12.372,0.2109,0.2
385,94.316,-12.229,0.2173,0.2
386,94.867,-12.014,0.2098,0.2
387,95.342,-11.876,0.2131,0.2
388,95.726,-11.759,0.2327,0.2
389,96.24,-11.488,0.2105,0.2
390,96.897,-11.302,0.2403,0.2
391,97.331,-11.167,0.2115,0.2
392,97.801,-11.044,0.1493,0.2
393,98.25,-10.95,0.1569,0.2
394,98.846,-10.804,0.1568,0.2
395,99.24,-10.733,0.1345,0.2
396,99.773,-10.627,0.1443,0.2
397,100.313,-10.497,0.1522,0.2
398,100.702,-10.352,0.1476,0.2
399,101.15,-10.208,0.1531,0.2
400,101.607,-10.088,0.141,0.2
401,102.01,-10.01,0.1655,0.2
402,102.391,-9.889,0.1725,0.2
403,102.776,-9.767,0.1741,0.2
404,103.165,-9.667,0.1571,0.2
405,103.716,-9.503,0.1396,0.2
406,104.226,-9.354,0.1695,0.2
407,104.711,-9.22,0.193,0.2
408,105.205,-9.098,0.1842,0.2
409,105.612,-8.991,0.1548,0.2
410,106.112,-8.851,0.1875,0.2
411,106.638,-8.691,0.1855,0.2
412,107.128,-8.528,0.2073,0.2
413,107.545,-8.401,0.186,0.2
414,108.059,-8.269,0.1755,0.2
415,108.482,-8.119,0.1703,0.2
416,109.231,-7.902,0.1945,0.2
417,109.704,-7.77,0.2011,0.2
418,110.2,-7.589,0.2031,0.2
419,110.619,-7.48,0.2053,0.2
420,111.021,-7.364,0.1845,0.2
421,111.638,-7.184,0.1963,0.2
422,112.112,-6.999,0.2103,0.2
423,112.5,-6.88,0.1972,0.2
424,112.909,-6.737,0.2085,0.2
425,113.299,-6.627,0.1957,0.2
426,113.775,-6.464,0.1998,0.2
427,114.177,-6.307,0.2001,0.2
428,114.692,-6.212,0.1367,0.2
429,115.167,-6.092,0.1328,0.2
430,115.617,-5.964,0.1308,0.2
431,116.083,-5.863,0.1272,0.2
432,116.473,-5.767,0.1402,0.2
433,116.868,-5.671,0.1609,0.2
434,117.265,-5.563,0.1304,0.2
435,117.668,-5.444,0.1272,0.2
436,118.06,-5.363,0.1293,0.2
437,118.536,-5.264,0.1259,0.2
438,119.033,-5.137,0.1425,0.2
439,119.443,-5.055,0.1602,0.2
440,119.959,-4.91,0.1515,0.2
441,120.456,-4.766,0.1479,0.2
442,120.943,-4.64,0.1373,0.2
443,121.43,-4.544,0.1443,0.2
444,121.94,-4.352,0.1483,0.2
445,122.342,-4.269,0.1578,0.2
446,122.858,-4.101,0.169,0.2
447,123.297,-3.981,0.1773,0.2
448,123.782,-3.861,0.1812,0.2
449,124.269,-3.726,0.1774,0.2
450,124.672,-3.619,0.1813,0.2
451,125.104,-3.528,0.1799,0.2
452,125.576,-3.377,0.1746,0.2
453,125.982,-3.142,0.2233,0.2
454,126.469,-2.596,0.1997,0.2
455,127.154,-2.6,0.1927,0.2
456,127.71,-2.478,0.1886,0.2
457,128.2,-2.383,0.1791,0.2
458,128.627,-2.337,0.0672,0.2
459,129.101,-2.358,0.0118,0.2
460,129.891,-2.355,0.0234,0.2
461,130.508,-2.293,0.0297,0.2
462,131.01,-2.239,0.0399,0.2
463,131.473,-2.187,0.0381,0.2
464,131.985,-2.14,0.0372,0.2
465,132.459,-2.175,-0.0707,0.2
466,133.028,-2.157,-0.0858,0.2
467,133.429,-2.14,-0.1464,0.2
468,133.794,-2.357,-0.265,0.2
469,134.208,-2.508,-0.2705,0.2
470,134.713,-2.613,-0.2694,0.2
471,135.19,-2.747,-0.2729,0.2
472,135.596,-2.908,-0.2616,0.2
473,136.019,-3.083,-0.37,0.2
474,136.46,-3.232,-0.3712,0.2
475,136.882,-3.453,-0.3805,0.2
476,137.31,-3.658,-0.381,0.2
477,137.789,-3.901,-0.3776,0.2
478,138.161,-4.065,-0.3629,0.2
479,138.549,-4.211,-0.3604,0.2
480,138.977,-4.334,-0.3483,0.2
481,139.388,-4.569,-0.3437,0.2
482,139.853,-4.746,-0.3521,0.2
483,140.258,-4.941,-0.3386,0.2
484,140.688,-5.131,-0.3717,0.2
485,141.106,-5.285,-0.3891,0.2
486,141.522,-5.579,-0.3804,0.2
487,142,-5.809,-0.3883,0.2
488,142.354,-6.016,-0.3863,0.2
489,142.771,-6.129,-0.3736,0.2
490,143.216,-6.26,-0.3644,0.2
491,143.671,-6.485,-0.3615,0.2
492,144.106,-6.726,-0.4223,0.2
493,144.476,-6.96,-0.4115,0.2
494,144.916,-7.199,-0.4223,0.2
495,145.36,-7.409,-0.4156,0.2
496,145.751,-7.62,-0.4238,0.2
497,146.267,-7.791,-0.4163,0.2
498,146.671,-8.018,-0.4115,0.2
499,147.039,-8.222,-0.383,0.2
500,147.247,-8.723,-0.3132,0.2
501,147.559,-9.086,-0.4277,0.2
502,147.852,-9.378,-0.4138,0.2
503,148.241,-9.763,-0.4418,0.2
504,148.64,-9.977,-0.4617,0.2
505,149.148,-10.222,-0.4532,0.2
506,149.61,-10.473,-0.4402,0.2
507,149.971,-10.644,-0.4883,0.2
508,150.317,-10.932,-0.474,0.2
509,150.725,-11.009,-0.4749,0.2
510,151.201,-11.188,-0.4665,0.2
511,151.685,-11.37,-0.4678,0.2
512,152.056,-11.628,-0.4582,0.2
513,152.461,-11.835,-0.484,0.2
514,152.766,-12.161,-0.4779,0.2
515,153.357,-12.508,-0.5078,0.2
516,153.745,-12.659,-0.453,0.2
517,154.158,-12.755,-0.4552,0.2
518,154.798,-13.134,-0.5971,0.2
519,155.158,-13.512,-0.5561,0.2
520,155.466,-13.811,-0.5459,0.2
521,155.785,-14.121,-0.5438,0.2
522,156.153,-14.416,-0.5228,0.2
523,156.673,-14.838,-0.5411,0.2
524,157.031,-15.087,-0.5171,0.2
525,157.393,-15.333,-0.5374,0.2
526,157.846,-15.582,-0.528,0.2
527,158.191,-15.939,-0.4979,0.2
528,158.509,-16.256,-0.5379,0.2
529,158.806,-16.57,-0.6774,0.2
530,159.295,-16.831,-0.6558,0.2
531,159.718,-17.253,-0.6509,0.2
532,159.996,-17.609,-0.6534,0.2
533,160.306,-17.97,-0.6288,0.2
534,160.628,-18.378,-0.6534,0.2
535,160.923,-18.785,-0.6636,0.2
536,161.223,-19.057,-0.6374,0.2
537,161.58,-19.422,-0.6429,0.2
538,161.985,-19.717,-0.6471,0.2
539,162.457,-19.865,-0.617,0.2
540,162.845,-20.191,-0.6144,0.2
541,163.182,-20.508,-0.6073,0.2
542,163.525,-20.904,-0.5877,0.2
543,163.85,-21.339,-0.6186,0.2
544,164.084,-21.673,-0.6054,0.2
545,164.431,-22.116,-0.5927,0.2
546,164.764,-22.505,-0.5993,0.2
547,165.051,-22.815,-0.6137,0.2
548,165.347,-23.172,-0.7619,0.2
549,165.809,-23.585,-0.7924,0.2
550,166.081,-23.954,-0.7709,0.2
551,166.299,-24.297,-0.75,0.2
552,166.513,-24.694,-0.7581,0.2
553,166.76,-25.022,-0.7795,0.2
554,167.045,-25.365,-0.7501,0.2
555,167.422,-25.811,-0.7577,0.2
556,167.677,-26.142,-0.7362,0.2
557,167.937,-26.5,-0.7254,0.2
558,168.151,-26.983,-0.9013,0.2
559,168.436,-27.497,-0.9186,0.2
560,168.689,-27.963,-0.8959,0.2
561,168.915,-28.426,-0.8941,0.2
562,169.148,-28.802,-0.8734,0.2
563,169.347,-29.167,-0.8738,0.2
564,169.534,-29.542,-0.8745,0.2
565,169.712,-29.912,-0.8848,0.2
566,169.948,-30.322,-0.8701,0.2
567,170.171,-30.75,-0.8465,0.2
568,170.393,-31.112,-0.8715,0.2
569,170.622,-31.504,-0.8335,0.2
570,170.873,-32.005,-0.8312,0.2
571,171.072,-32.359,-0.8598,0.2
572,171.384,-32.791,-0.8657,0.2
573,171.666,-33.273,-0.8736,0.2
574,171.838,-33.635,-0.8592,0.2
575,172.019,-34.02,-0.8255,0.2
576,172.299,-34.516,-0.9716,0.2
577,172.539,-34.94,-0.9631,0.2
578,172.693,-35.365,-0.9625,0.2
579,172.978,-36.096,-0.9605,0.2
580,173.069,-36.495,-1.0718,0.2
581,173.271,-37.077,-1.0598,0.2
582,173.423,-37.626,-1.0597,0.2
583,173.595,-38.249,-1.0641,0.2
584,173.767,-38.958,-1.0596,0.2
585,173.898,-39.395,-1.0323,0.2
586,174.046,-39.816,-1.045,0.2
587,174.259,-40.47,-1.0443,0.2
588,174.425,-40.971,-1.0371,0.2
589,174.576,-41.485,-1.0349,0.2
590,174.797,-42.052,-1.0349,0.2
591,175.03,-42.64,-1.024,0.2
592,175.122,-43.134,-1.1599,0.2
593,175.153,-43.639,-1.1608,0.2
594,175.242,-44.114,-1.1592,0.2
595,175.323,-44.648,-1.1631,0.2
596,175.451,-45.111,-1.1651,0.2
597,175.509,-45.553,-1.143,0.2
598,175.6,-45.977,-1.1923,0.2
599,175.658,-46.521,-1.1502,0.2
600,175.748,-47.143,-1.1385,0.2
601,175.834,-47.578,-1.1314,0.2
602,175.928,-48.129,-1.1266,0.2
603,175.925,-48.605,-1.1269,0.2
604,175.992,-49.012,-1.1483,0.2
605,176.132,-49.444,-1.1201,0.2
606,176.253,-49.869,-1.1265,0.2
607,176.346,-50.305,-1.1013,0.2
608,176.449,-50.86,-1.1113,0.2
609,176.554,-51.29,-1.1397,0.2
610,176.67,-51.703,-1.1215,0.2
611,176.785,-52.164,-1.0979,0.2
612,176.902,-52.694,-1.0953,0.2
613,176.988,-53.119,-1.1095,0.2
614,177.104,-53.535,-1.0887,0.2
615,177.176,-54.127,-1.0866,0.2
616,177.241,-54.538,-1.18,0.2
617,177.319,-54.971,-1.1898,0.2
618,177.357,-55.529,-1.1916,0.2
619,177.419,-55.942,-1.2057,0.2
620,177.466,-56.36,-1.1764,0.2
621,177.568,-56.826,-1.1909,0.2
622,177.622,-57.245,-1.1644,0.2
623,177.701,-57.747,-1.1636,0.2
624,177.78,-58.165,-1.1735,0.2
625,177.837,-58.617,-1.1839,0.2
626,177.94,-59.051,-1.1653,0.2
627,178.012,-59.513,-1.1749,0.2
628,178.045,-59.942,-1.1531,0.2
629,178.118,-60.351,-1.1931,0.2
630,178.2,-60.782,-1.173,0.2
631,178.27,-61.196,-1.1509,0.2
632,178.303,-61.625,-1.169,0.2
633,178.379,-62.054,-1.1543,0.2
634,178.517,-62.637,-1.1312,0.2
635,178.568,-63.076,-1.1749,0.2
636,178.639,-63.521,-1.174,0.2
637,178.733,-63.969,-1.1652,0.2
638,178.795,-64.396,-1.1592,0.2
639,178.896,-64.888,-1.1466,0.2
640,178.968,-65.307,-1.1403,0.2
641,179.002,-65.738,-1.1648,0.2
642,179.07,-66.185,-1.1532,0.2
643,179.214,-66.645,-1.1306,0.2
644,179.37,-67.264,-1.1307,0.2
645,179.467,-67.675,-1.144,0.2
646,179.578,-68.207,-1.1349,0.2
647,179.664,-68.675,-1.1132,0.2
648,179.796,-69.183,-1.1507,0.2
649,179.926,-69.588,-1.1061,0.2
650,180.025,-70.031,-1.1167,0.2
651,180.093,-70.583,-1.1204,0.2
652,180.145,-70.99,-1.1082,0.2
653,180.251,-71.409,-1.0804,0.2
654,180.366,-71.807,-1.1348,0.2
655,180.438,-72.26,-1.1217,0.2
656,180.533,-72.775,-1.1205,0.2
657,180.664,-73.285,-1.1298,0.2
658,180.779,-73.808,-1.1281,0.2
659,180.871,-74.232,-1.1196,0.2
660,180.969,-74.676,-1.1522,0.2
661,181.05,-75.093,-1.1343,0.2
662,181.131,-75.521,-1.0999,0.2
663,181.216,-75.933,-1.119,0.2
664,180.764,-76.297,-1.088,0.2
665,180.644,-76.794,-1.0483,0.2
666,180.657,-77.363,-1.0221,0.2
667,180.74,-77.802,-1.0533,0.2
668,180.806,-78.242,-1.0354,0.2
669,180.952,-78.673,-1.0058,0.2
670,181.062,-79.118,-1.008,0.2
671,181.148,-79.561,-1.063,0.2
672,181.305,-80.082,-1.0544,0.2
673,181.416,-80.478,-1.1072,0.2
674,181.53,-80.9,-1.0717,0.2
675,181.642,-81.287,-1.0802,0.2
676,181.74,-81.72,-1.068,0.2
677,181.934,-82.142,-1.061,0.2
678,181.986,-82.603,-1.0548,0.2
679,182.073,-83.107,-1.0669,0.2
680,182.188,-83.578,-1.0427,0.2
681,182.371,-84.045,-1.0644,0.2
682,182.73,-84.363,-1.0782,0.2
683,183.005,-84.697,-1.062,0.2
684,183.189,-85.14,-1.0889,0.2
685,183.293,-85.581,-1.0923,0.2
686,183.379,-86.022,-1.1106,0.2
687,183.462,-86.475,-1.088,0.2
688,183.602,-86.954,-1.1053,0.2
689,183.687,-87.346,-1.0695,0.2
690,183.85,-87.847,-1.0767,0.2
691,183.999,-88.318,-1.0786,0.2
692,184.049,-88.742,-1.0891,0.2
693,184.225,-89.363,-1.0336,0.2
694,184.332,-89.792,-1.1856,0.2
695,184.353,-90.215,-1.1951,0.2
696,184.402,-90.71,-1.2012,0.2
697,184.465,-91.117,-1.1766,0.2
698,184.531,-91.568,-1.1596,0.2
699,184.602,-91.995,-1.1722,0.2
700,184.683,-92.443,-1.1571,0.2
701,184.733,-92.84,-1.1652,0.2
702,184.787,-93.29,-1.1653,0.2
703,184.865,-93.737,-1.1511,0.2
704,184.958,-94.174,-1.1482,0.2
705,185.01,-94.633,-1.1338,0.2
706,185.06,-95.036,-1.1604,0.2
707,185.146,-95.446,-1.1449,0.2
708,185.263,-95.902,-1.1258,0.2
709,185.335,-96.365,-1.1483,0.2
710,185.4,-96.788,-1.1159,0.2
711,185.482,-97.356,-1.1215,0.2
712,185.563,-97.799,-1.1545,0.2
713,185.639,-98.245,-1.136,0.2
714,185.773,-98.66,-1.1199,0.2
715,185.93,-99.17,-1.1363,0.2
716,186.036,-99.611,-1.1043,0.2
717,186.109,-100.021,-1.1304,0.2
718,186.158,-100.449,-1.1438,0.2
719,186.255,-100.895,-1.1163,0.2
720,186.353,-101.305,-1.1119,0.2
721,186.487,-101.823,-1.1245,0.2
722,186.632,-102.642,-1.1305,0.2
723,186.739,-103.115,-1.0851,0.2
724,186.795,-103.735,-1.0981,0.2
725,186.468,-104.304,-1.0717,0.2
726,186.51,-104.947,-1.0921,0.2
727,186.727,-105.434,-1.063,0.2
728,186.922,-105.86,-1.0766,0.2
729,187.041,-106.288,-1.0978,0.2
730,187.214,-106.697,-1.0802,0.2
731,187.432,-107.11,-1.021,0.2
732,187.594,-107.588,-1.049,0.2
733,187.657,-108.054,-1.0791,0.2
734,187.699,-108.529,-1.0697,0.2
735,187.767,-108.955,-1.0866,0.2
736,188.004,-109.561,-1.0873,0.2
737,188.049,-109.968,-1.0792,0.2
738,188.072,-110.453,-1.0471,0.2
739,188.238,-110.898,-1.0402,0.2
740,188.455,-111.296,-1.0386,0.2
741,188.631,-111.714,-1.04,0.2
742,188.631,-112.176,-1.0588,0.2
743,188.643,-112.635,-1.0423,0.2
744,188.809,-113.074,-1.0256,0.2
745,188.981,-113.475,-1.0329,0.2
746,189.14,-113.912,-1.0199,0.2
747,189.549,-114.376,-1.0277,0.2
748,189.813,-114.788,-1.002,0.2
749,189.859,-115.247,-1.0374,0.2
750,189.925,-115.709,-1.0305,0.2
751,190.064,-116.178,-1.0144,0.2
752,190.254,-116.583,-1.0091,0.2
753,190.502,-117.02,-1.0287,0.2
754,190.664,-117.554,-1.0286,0.2
755,190.696,-117.152,0.3358,0.2
756,191.09,-116.963,0.3394,0.2
757,191.519,-116.758,0.3323,0.2
758,191.98,-116.552,0.349,0.2
759,192.461,-116.39,0.2179,0.2
760,192.858,-116.247,0.2615,0.2
761,193.326,-116.159,0.2318,0.2
762,193.74,-115.998,0.2351,0.2
763,194.134,-115.888,0.1958,0.2
764,194.576,-115.708,0.1993,0.2
765,195.003,-115.594,0.2104,0.2
766,195.548,-115.436,0.2029,0.2
767,196.074,-115.286,0.2112,0.2
768,196.545,-115.097,0.2753,0.2
769,196.957,-114.913,0.2549,0.2
770,197.368,-114.738,0.2956,0.2
771,197.821,-114.6,0.3066,0.2
772,198.207,-114.437,0.3098,0.2
773,198.686,-114.285,0.2851,0.2
774,199.089,-114.069,0.3097,0.2
775,199.536,-113.892,0.3008,0.2
776,200.126,-113.611,0.3085,0.2
777,200.568,-113.453,0.3181,0.2
778,200.998,-113.27,0.3106,0.2
779,201.428,-113.096,0.316,0.2
780,201.921,-112.924,0.2445,0.2
781,201.151,-113.266,0.1453,0.2
782,200.664,-113.423,0.1014,0.2
783,199.957,-113.436,0.1238,0.2
784,199.287,-112.837,0.1498,0.2
785,198.669,-112.123,0.1475,0.2
786,198.349,-111.64,0.1165,0.2
787,197.835,-110.725,0.1389,0.2
788,197.568,-110.107,0.1121,0.2
789,197.419,-109.493,0.1142,0.2
790,197.399,-109.056,0.1077,0.2
791,197.434,-108.577,0.1105,0.2
792,197.454,-108.175,0.1362,0.2
793,197.556,-107.787,0.1046,0.2
794,197.773,-107.267,0.1439,0.2
795,198.029,-106.782,0.1817,0.2
796,198.351,-106.47,0.145,0.2
797,198.994,-105.856,0.1605,0.2
798,199.639,-105.695,0.169,0.2
799,200.093,-105.617,0.164,0.2
800,200.606,-105.476,0.1919,0.2
801,201.039,-105.273,0.2011,0.2
802,201.401,-105.089,0.2045,0.2
803,201.794,-104.923,0.183,0.2
804,202.2,-104.747,0.197,0.2
805,202.581,-104.56,0.1953,0.2
806,203.016,-104.383,0.213,0.2
807,203.415,-104.219,0.216,0.2
808,203.868,-104.033,0.1386,0.2
809,204.318,-103.983,0.083,0.2
810,204.792,-103.84,0.0444,0.2
811,205.229,-103.756,0.0326,0.2
812,205.625,-103.679,0.0372,0.2
813,206.115,-103.601,0.0473,0.2
814,206.672,-103.497,0.0335,0.2
815,207.111,-103.401,0.0602,0.2
816,207.595,-103.312,0.0812,0.2
817,207.998,-103.146,0.0783,0.2
818,208.473,-103.007,0.1022,0.2
819,209,-102.931,0.0802,0.2
820,209.558,-102.816,0.0815,0.2
821,209.978,-102.687,0.0925,0.2
822,210.419,-102.582,0.0977,0.2
823,210.852,-102.549,0.0882,0.2
824,211.314,-102.382,0.091,0.2
825,211.694,-102.243,0.0841,0.2
826,212.12,-102.113,0.1027,0.2
827,212.546,-101.971,0.1131,0.2
828,212.974,-101.87,0.1193,0.2
829,213.425,-101.761,0.1197,0.2
830,213.807,-101.595,0.1288,0.2
831,214.306,-101.408,0.1283,0.2
832,214.713,-101.283,0.1454,0.2
833,215.135,-101.119,0.1677,0.2
834,215.699,-100.912,0.154,0.2
835,216.153,-100.796,0.1777,0.2
836,216.574,-100.586,0.1513,0.2
837,217.066,-100.293,0.1494,0.2
838,217.516,-100.17,0.1877,0.2
839,217.954,-100.157,0.1895,0.2
840,218.427,-99.986,0.1607,0.2
841,218.828,-99.828,0.1802,0.2
842,219.213,-99.602,0.2098,0.2
843,219.625,-99.441,0.207,0.2
844,220.032,-99.296,0.2167,0.2
845,220.434,-99.124,0.2099,0.2
846,220.824,-98.981,0.2033,0.2
847,221.235,-98.864,0.196,0.2
848,221.684,-98.648,0.1881,0.2
849,222.129,-98.466,0.1921,0.2
850,222.499,-98.3,0.2138,0.2
851,222.884,-98.123,0.2086,0.2
852,223.295,-97.978,0.2018,0.2
853,223.714,-97.779,0.197,0.2
854,224.26,-97.53,0.2009,0.2
855,224.659,-97.381,0.1867,0.2
856,225.082,-97.189,0.2149,0.2
857,225.668,-96.964,0.1944,0.2
858,226.038,-96.784,0.2221,0.2
859,226.688,-96.528,0.2491,0.2
860,227.078,-96.394,0.2387,0.2
861,227.557,-96.134,0.2443,0.2
862,228.098,-95.866,0.1993,0.2
863,228.569,-95.676,0.2348,0.2
864,229.14,-95.531,0.2042,0.2
865,229.552,-95.368,0.1482,0.2
866,230.033,-95.225,0.1368,0.2
867,230.427,-95.061,0.163,0.2
868,230.81,-94.915,0.1719,0.2
869,231.309,-94.736,0.1729,0.2
870,231.716,-94.579,0.1763,0.2
871,232.163,-94.427,0.1601,0.2
872,232.578,-94.293,0.1605,0.2
873,232.998,-94.117,0.1467,0.2
874,233.389,-93.965,0.1835,0.2
875,233.816,-93.815,0.2113,0.2
876,234.25,-93.632,0.193,0.2
877,234.711,-93.448,0.1949,0.2
878,235.154,-93.281,0.1978,0.2
879,235.622,-93.058,0.2071,0.2
880,236.044,-92.898,0.2225,0.2
881,236.469,-92.722,0.2343,0.2
882,236.856,-92.499,0.2484,0.2
883,237.365,-92.321,0.2,0.2
884,237.745,-92.085,0.1741,0.2
885,238.168,-91.929,0.2282,0.2
886,238.648,-91.826,0.2053,0.2
887,239.094,-91.669,0.2007,0.2
888,239.511,-91.494,0.1811,0.2
889,239.887,-91.332,0.1864,0.2
890,240.303,-91.167,0.1656,0.2
891,240.707,-90.966,0.1822,0.2
892,241.094,-90.842,0.1226,0.2
893,241.485,-90.711,0.1724,0.2
894,241.896,-90.562,0.1552,0.2
895,242.421,-90.415,0.1705,0.2
896,242.825,-90.299,0.153,0.2
897,243.213,-90.136,0.1535,0.2
898,243.652,-89.951,0.1566,0.2
899,244.208,-89.756,0.154,0.2
900,244.62,-89.596,0.1795,0.2
901,245.058,-89.46,0.1857,0.2
902,245.454,-89.293,0.1727,0.2
903,245.848,-89.114,0.1762,0.2
904,246.298,-88.948,0.1669,0.2
905,247.054,-88.601,0.2381,0.2
906,247.501,-88.37,0.224,0.2
907,247.965,-88.225,0.2056,0.2
908,248.422,-88.249,0.1453,0.2
909,248.853,-88.07,0.1346,0.2
910,249.357,-87.893,0.1372,0.2
911,249.793,-87.757,0.1182,0.2
912,250.227,-87.622,0.1154,0.2
913,250.644,-87.493,0.1233,0.2
914,251.04,-87.238,0.1501,0.2
915,251.493,-87.181,0.1767,0.2
916,251.953,-87.074,0.1413,0.2
917,252.349,-86.927,0.1482,0.2
918,252.758,-86.788,0.161,0.2
919,253.164,-86.595,0.1664,0.2
920,253.684,-86.423,0.1708,0.2
921,254.08,-86.271,0.1955,0.2
922,254.475,-86.149,0.1385,0.2
923,254.867,-86.01,0.1186,0.2
924,255.355,-85.871,0.1386,0.2
925,255.844,-85.739,0.1484,0.2
926,256.297,-85.441,0.1544,0.2
927,256.76,-85.304,0.1297,0.2
928,257.162,-85.261,0.1476,0.2
929,257.552,-85.152,0.1673,0.2
930,258.11,-85.043,0.1773,0.2
931,258.691,-84.742,0.1745,0.2
932,259.149,-84.613,0.1813,0.2
933,259.692,-84.484,0.1985,0.2
934,260.147,-84.326,0.213,0.2
935,260.532,-84.122,0.2031,0.2
936,261.124,-83.808,0.2145,0.2
937,261.608,-83.703,0.2362,0.2
938,262.222,-83.632,0.2279,0.2
939,262.697,-83.488,0.222,0.2
940,263.233,-83.353,0.2258,0.2
941,263.661,-83.11,0.2352,0.2
942,264.102,-83,0.1585,0.2
943,264.487,-82.686,0.1558,0.2
944,264.896,-82.684,0.1817,0.2
945,265.445,-82.599,0.1934,0.2
946,266.024,-82.327,0.1815,0.2
947,266.517,-82.167,0.1872,0.2
948,267.085,-82.015,0.2021,0.2
949,267.492,-81.889,0.2243,0.2
950,268.002,-81.679,0.2099,0.2
951,268.538,-81.437,0.2176,0.2
952,268.94,-81.275,0.1995,0.2
953,269.339,-81.3,0.1615,0.2
954,269.721,-81.131,0.1768,0.2
955,270.211,-81.015,0.148,0.2
956,270.578,-80.825,0.1614,0.2
957,270.996,-80.646,0.1561,0.2
958,271.432,-80.536,0.1659,0.2
959,271.964,-80.553,0.1392,0.2
960,272.336,-80.354,0.1916,0.2
961,272.65,-80.094,0.1849,0.2
962,273.043,-79.941,0.1886,0.2
963,273.464,-79.877,0.1901,0.2
964,273.86,-79.734,0.2112,0.2
965,274.257,-79.565,0.2246,0.2
966,274.701,-79.358,0.2203,0.2
967,275.112,-79.243,0.2156,0.2
968,275.51,-79.101,0.22,0.2
969,275.52,-79.524,-1.1155,0.2
970,275.632,-79.928,-1.1026,0.2
971,275.766,-80.33,-1.0922,0.2
972,275.88,-80.729,-1.119,0.2
973,275.974,-81.208,-1.1219,0.2
974,276.074,-81.685,-1.1109,0.2
975,276.208,-82.094,-1.0402,0.2
976,276.477,-82.498,-0.9691,0.2
977,276.684,-83.095,-1.0171,0.2
978,276.852,-83.583,-0.9811,0.2
979,276.977,-84.223,-0.9689,0.2
980,277.299,-84.603,-0.9715,0.2
981,277.539,-85.046,-0.9624,0.2
982,277.745,-85.514,-0.9741,0.2
983,277.918,-86.137,-0.9646,0.2
984,278.116,-86.499,-0.95,0.2
985,278.334,-86.891,-0.9388,0.2
986,278.517,-87.258,-0.9407,0.2
987,278.804,-87.718,-0.9178,0.2
988,279.058,-88.158,-0.9579,0.2
989,279.27,-88.558,-0.9318,0.2
990,279.444,-88.94,-0.9397,0.2
991,279.655,-89.296,-0.9258,0.2
992,279.843,-89.68,-0.8985,0.2
993,280.1,-90.029,-0.9047,0.2
994,280.585,-90.791,-0.9118,0.2
995,280.557,-91.232,-1.044,0.2
996,280.652,-91.847,-1.0785,0.2
997,280.94,-92.458,-1.0134,0.2
998,281.05,-92.867,-1.01,0.2
999,281.024,-93.381,-1.0112,0.2
1000,281.226,-93.759,-1.0245,0.2
1001,281.487,-94.141,-1.0003,0.2
1002,281.695,-94.572,-1.0296,0.2
1003,281.866,-95.001,-1.0461,0.2
1004,281.947,-95.482,-1.0786,0.2
1005,281.978,-95.987,-0.9919,0.2
1006,281.952,-96.433,-0.9894,0.2
1007,282.277,-96.722,-1.0001,0.2
1008,282.611,-97.07,-0.9905,0.2
1009,282.791,-97.49,-0.9966,0.2
1010,282.932,-97.96,-0.9997,0.2
1011,283.117,-98.383,-0.9983,0.2
1012,283.36,-98.76,-0.9934,0.2
1013,283.51,-99.236,-0.9695,0.2
1014,283.677,-99.752,-0.9836,0.2
1015,283.797,-100.154,-0.9579,0.2
1016,283.966,-100.556,-0.9583,0.2
1017,284.292,-101.032,-0.9607,0.2
1018,284.481,-101.497,-0.9453,0.2
1019,284.668,-102.049,-0.9555,0.2
1020,284.877,-102.458,-0.9415,0.2
1021,285.005,-102.924,-1.0503,0.2
1022,285.175,-103.294,-1.0393,0.2
1023,285.343,-103.758,-1.0399,0.2
1024,285.475,-104.148,-1.0676,0.2
1025,285.629,-104.627,-1.0619,0.2
1026,285.765,-105.027,-1.0483,0.2
1027,285.909,-105.489,-1.0332,0.2
1028,286.068,-105.869,-1.028,0.2
1029,286.218,-106.278,-1.0197,0.2
1030,286.39,-106.698,-1.0069,0.2
1031,286.618,-107.16,-1.045,0.2
1032,286.766,-107.55,-1.0311,0.2
1033,286.93,-108.049,-1.0213,0.2
1034,287.101,-108.464,-1.0142,0.2
1035,287.272,-108.885,-1.0187,0.2
1036,287.494,-109.344,-1.0013,0.2
1037,287.644,-109.791,-1.0126,0.2
1038,287.769,-110.2,-0.9933,0.2
1039,288.006,-110.681,-1.0067,0.2
1040,288.273,-111.303,-0.9769,0.2
1041,288.476,-111.703,-0.9817,0.2
1042,288.71,-112.167,-0.9631,0.2
1043,288.913,-112.671,-0.9684,0.2
1044,289.099,-113.085,-0.9561,0.2
1045,289.25,-113.51,-0.9675,0.2
1046,289.437,-113.912,-1,0.2
1047,289.597,-114.284,-1.0178,0.2
1048,289.844,-114.82,-0.9671,0.2
1049,289.953,-115.208,-1.0167,0.2
1050,290.084,-115.686,-1.0369,0.2
1051,290.294,-116.09,-1.0386,0.2
1052,290.538,-116.523,-1.0174,0.2
1053,290.699,-116.921,-0.9868,0.2
1054,290.856,-117.404,-0.9808,0.2
1055,291.025,-117.794,-0.9991,0.2
1056,291.247,-118.238,-1.0115,0.2
1057,291.448,-118.669,-0.9952,0.2
1058,291.651,-119.065,-0.991,0.2
1059,291.549,-119.545,-1.049,0.2
1060,291.764,-119.978,-1.0983,0.2
1061,292.034,-120.658,-1.076,0.2
1062,292.125,-121.115,-1.075,0.2
1063,292.311,-121.486,-1.0514,0.2
1064,292.461,-121.954,-1.0583,0.2
1065,292.588,-122.343,-1.0527,0.2
1066,292.731,-122.777,-1.0385,0.2
1067,292.966,-123.26,-1.0165,0.2
1068,293.047,-123.79,-1.0326,0.2
1069,293.237,-124.223,-1.0146,0.2
1070,293.433,-124.673,-1.06,0.2
1071,293.63,-125.156,-1.0192,0.2
1072,293.76,-125.54,-1.0345,0.2
1073,293.905,-125.928,-1.0126,0.2
1074,294.05,-126.32,-1.0086,0.2
1075,294.215,-126.755,-1.0009,0.2
1076,294.406,-127.242,-0.9777,0.2
1077,294.59,-127.634,-1.0145,0.2
1078,294.713,-128.141,-0.9958,0.2
1079,294.992,-128.608,-1.002,0.2
1080,295.184,-128.979,-0.9885,0.2
1081,295.304,-129.399,-0.9741,0.2
1082,295.485,-129.87,-0.9685,0.2
1083,295.679,-130.325,-0.96,0.2
1084,295.828,-130.736,-0.9679,0.2
1085,296.118,-131.082,-0.9655,0.2
1086,296.236,-131.545,-0.9921,0.2
1087,296.555,-132.129,-0.9583,0.2
1088,296.543,-132.54,-1.0318,0.2
1089,296.774,-132.925,-1.0065,0.2
1090,297.067,-133.366,-1.0009,0.2
1091,297.201,-133.757,-1.0186,0.2
1092,297.334,-134.195,-0.996,0.2
1093,297.486,-134.784,-1.02,0.2
1094,297.733,-135.18,-1.008,0.2
1095,297.925,-135.604,-0.9896,0.2
1096,298.117,-135.973,-0.9768,0.2
1097,298.285,-136.349,-0.9554,0.2
1098,298.412,-136.748,-1.0026,0.2
1099,298.579,-137.178,-0.9899,0.2
1100,298.793,-137.56,-0.9337,0.2
1101,298.962,-137.965,-0.9435,0.2
1102,299.115,-138.397,-1.0308,0.2
1103,299.365,-138.848,-1.0209,0.2
1104,299.521,-139.245,-0.9898,0.2
1105,299.646,-139.652,-1.0322,0.2
1106,299.826,-140.034,-1.009,0.2
1107,299.988,-140.437,-1.0018,0.2
1108,300.21,-140.912,-0.9984,0.2
1109,300.356,-141.318,-0.947,0.2
1110,300.537,-141.826,-0.9433,0.2
1111,300.709,-142.196,-0.98,0.2
1112,300.939,-142.623,-0.9565,0.2
1113,301.133,-143.035,-0.9815,0.2
1114,301.331,-143.413,-0.9845,0.2
1115,301.477,-143.793,-0.9581,0.2
1116,301.613,-144.268,-1.0552,0.2
1117,301.555,-144.984,-1.1294,0.2
1118,301.563,-145.402,-1.1236,0.2
1119,301.74,-145.904,-1.1142,0.2
1120,301.947,-146.268,-1.1054,0.2
1121,302.155,-146.664,-1.0928,0.2
1122,302.304,-147.045,-1.086,0.2
1123,302.474,-147.465,-1.0678,0.2
1124,302.646,-147.879,-1.0767,0.2
1125,302.776,-148.265,-1.074,0.2
1126,303.002,-148.603,-1.0673,0.2
1127,303.237,-149.1,-1.057,0.2
1128,303.436,-149.669,-1.0893,0.2
1129,303.535,-150.277,-1.0717,0.2
1130,303.887,-150.662,-1.056,0.2
1131,304.143,-151.087,-0.9844,0.2
1132,304.21,-151.725,-1.052,0.2
1133,304.524,-152.263,-0.9917,0.2
1134,304.735,-152.692,-0.9895,0.2
1135,304.873,-153.084,-0.9857,0.2
1136,305.03,-153.584,-0.9857,0.2
1137,305.26,-154.111,-0.9758,0.2
1138,305.385,-154.496,-1.0217,0.2
1139,305.57,-154.885,-1.0002,0.2
1140,305.677,-155.347,-1.0111,0.2
1141,305.911,-155.767,-0.9865,0.2
1142,306.21,-156.144,-1.0079,0.2
1143,306.411,-156.612,-0.9823,0.2
1144,306.539,-156.999,-0.9967,0.2
1145,306.667,-157.461,-0.9595,0.2
1146,306.806,-157.846,-0.9635,0.2
1147,306.91,-158.297,-1.0757,0.2
1148,306.998,-158.762,-1.0534,0.2
1149,307.141,-159.139,-1.0469,0.2
1150,307.305,-159.529,-1.0477,0.2
1151,307.45,-159.911,-1.0745,0.2
1152,307.569,-160.347,-1.0418,0.2
1153,307.657,-160.783,-1.0282,0.2
1154,307.691,-161.247,-1.0455,0.2
1155,307.95,-161.642,-1.0075,0.2
1156,308.147,-162.009,-1.0358,0.2
1157,308.258,-162.396,-1.0245,0.2
1158,308.402,-162.963,-1.0207,0.2
1159,308.556,-163.378,-1.0004,0.2
1160,308.872,-164.037,-1.0084,0.2
1161,309.008,-164.532,-1.0133,0.2
1162,309.251,-164.903,-1.0256,0.2
1163,309.349,-165.303,-1.0068,0.2
1164,309.488,-165.717,-0.9941,0.2
1165,309.649,-166.146,-0.9719,0.2
1166,309.812,-166.533,-0.9663,0.2
1167,309.989,-166.941,-0.9914,0.2
1168,310.164,-167.369,-0.976,0.2
1169,310.377,-167.846,-0.9836,0.2
1170,310.57,-168.262,-0.9748,0.2
1171,310.629,-168.67,-1.0385,0.2
1172,310.76,-169.128,-1.0523,0.2
1173,310.921,-169.519,-1.0157,0.2
1174,311.054,-169.919,-1.0456,0.2
1175,311.172,-170.355,-1.0345,0.2
1176,311.311,-170.739,-1.0244,0.2
1177,311.504,-171.377,-1.0381,0.2
1178,311.711,-171.912,-1.0307,0.2
1179,311.854,-172.31,-1.0175,0.2
1180,312.015,-172.694,-0.9958,0.2
1181,312.163,-173.084,-1.003,0.2
1182,312.278,-173.497,-0.9675,0.2
1183,312.428,-173.896,-1.0052,0.2
1184,312.591,-174.359,-1.0224,0.2
1185,312.836,-174.829,-0.9962,0.2
1186,312.973,-175.284,-0.9989,0.2
1187,313.139,-175.674,-0.9767,0.2
1188,313.312,-176.055,-0.9681,0.2
1189,313.455,-176.444,-0.9852,0.2
1190,313.593,-176.868,-0.99,0.2
1191,313.795,-177.278,-0.963,0.2
1192,314.002,-177.658,-0.9613,0.2
1193,314.152,-178.042,-0.9421,0.2
1194,314.359,-178.513,-0.9468,0.2
1195,314.516,-178.928,-0.9717,0.2
1196,314.642,-179.328,-0.9521,0.2
1197,314.766,-179.761,-0.9564,0.2
1198,314.996,-180.241,-0.9429,0.2
1199,315.169,-180.676,-0.9716,0.2
1200,315.126,-181.181,-0.9823,0.2
1201,315.539,-181.65,-0.9779,0.2
1202,315.606,-182.067,-0.9431,0.2
1203,315.851,-182.597,-0.9641,0.2
1204,316.248,-183.149,-0.9699,0.2
1205,316.618,-183.706,-1.0478,0.2
1206,316.528,-184.196,-1.0427,0.2
1207,316.813,-184.597,-1.0712,0.2
1208,316.889,-185.239,-1.0485,0.2
1209,317.039,-185.77,-1.0607,0.2
1210,317.22,-186.163,-1.0158,0.2
1211,317.324,-186.699,-1.003,0.2
1212,317.475,-187.136,-1.0251,0.2
1213,317.65,-187.605,-1.044,0.2
1214,317.858,-188.132,-1.059,0.2
1215,317.937,-188.532,-1.0277,0.2
1216,318.119,-188.905,-1.0134,0.2
1217,318.259,-189.306,-1.0205,0.2
1218,318.377,-189.75,-0.9948,0.2
1219,318.538,-190.14,-1.0141,0.2
1220,318.817,-190.552,-1.0184,0.2
1221,319.152,-191.001,-0.9819,0.2
1222,319.331,-191.469,-0.9945,0.2
1223,319.451,-191.9,-0.9715,0.2
1224,319.683,-192.319,-1.0296,0.2
1225,319.815,-192.756,-1.0555,0.2
1226,319.814,-193.204,-1.0562,0.2
1227,319.906,-193.695,-1.0526,0.2
1228,319.959,-194.176,-1.0466,0.2
1229,319.99,-194.718,-1.0664,0.2
1230,320.212,-195.168,-1.0322,0.2
1231,320.412,-195.537,-1.085,0.2
1232,320.577,-196.051,-1.0491,0.2
1233,320.823,-196.757,-1.0348,0.2
1234,320.995,-197.148,-1.0625,0.2
1235,321.073,-197.559,-1.0107,0.2
