run,progress_start_m,progress_end_m,count,signed_median_m,signed_p5_m,signed_p95_m
08_raw_lio_yaw,0.0,5.0,110,0.053059773310414185,0.003182734854434315,0.08266367946994785
08_raw_lio_yaw,5.0,10.0,110,0.05254284750274272,0.03462941467576295,0.06881860329453536
08_raw_lio_yaw,10.0,15.0,111,0.04634189105883011,0.023597882160734225,0.08187892269239014
08_raw_lio_yaw,15.0,20.0,107,0.0587722736888611,0.022998274489140255,0.08331423974046363
08_raw_lio_yaw,20.0,25.0,107,0.058716725778112926,0.04412128822567403,0.07949820666529381
08_raw_lio_yaw,25.0,30.0,109,0.04583978237086055,0.02065524848944379,0.07786441263807617
08_raw_lio_yaw,30.0,35.0,106,0.039209262287446936,0.01836770687551155,0.05606756272142206
08_raw_lio_yaw,35.0,40.0,109,0.04691317182692307,0.016131336177178462,0.07307924790850291
08_raw_lio_yaw,40.0,45.0,110,0.05900456268312168,0.03650420938429824,0.08138922166113162
08_raw_lio_yaw,45.0,50.0,106,0.07444109799149254,0.055094680059811316,0.09648780579274024
08_raw_lio_yaw,50.0,55.0,110,0.05356826921560842,0.031326416979797204,0.07060154121889413
08_raw_lio_yaw,55.0,60.0,118,0.038656712729807,-0.13473552152983626,0.056162042544793456
08_raw_lio_yaw,60.0,65.0,102,-0.17018519567428403,-0.19264992707046186,-0.07737766197213196
08_raw_lio_yaw,65.0,70.0,100,-0.1604465238779838,-0.1811096441207138,-0.13420113003749867
08_raw_lio_yaw,70.0,75.0,102,-0.19049633028062676,-0.21526996644398805,-0.17144540153973645
08_raw_lio_yaw,75.0,80.0,102,-0.18886180757599097,-0.20469894538735497,-0.16369545692860588
08_raw_lio_yaw,80.0,85.0,101,-0.20233383965131632,-0.21421111731219586,-0.18409368866098252
08_raw_lio_yaw,85.0,90.0,100,-0.18735397456406977,-0.2111781594169623,-0.1723485276074201
08_raw_lio_yaw,90.0,95.0,99,-0.19184171841057424,-0.208445592151031,-0.16401958011359094
08_raw_lio_yaw,95.0,100.0,102,-0.19874448129841443,-0.20897026445729042,-0.18615241156188986
08_raw_lio_yaw,100.0,105.0,99,-0.1920662840499805,-0.20908180270879878,-0.18047871303693921
08_raw_lio_yaw,105.0,110.0,103,-0.19244426997923403,-0.21030330791142293,-0.1820124579030966
08_raw_lio_yaw,110.0,115.0,100,-0.18919074400024832,-0.20696204399983134,-0.16958218550869456
08_raw_lio_yaw,115.0,120.0,100,-0.19497061174209676,-0.2215240111492633,-0.17047932019842774
08_raw_lio_yaw,120.0,125.0,103,-0.21570228566756028,-0.23634865543681,-0.19000548641051837
08_raw_lio_yaw,125.0,130.0,103,-0.20011923235720802,-0.2239153784020961,-0.1729735552053408
08_raw_lio_yaw,130.0,135.0,101,-0.1957991018490594,-0.2288867145099736,-0.16313514905726145
08_raw_lio_yaw,135.0,140.0,100,-0.2026204664983154,-0.24022795140635722,-0.17083121712993907
08_raw_lio_yaw,140.0,145.0,102,-0.20290817478020562,-0.22588244194685497,-0.1854772467513806
08_raw_lio_yaw,145.0,150.0,108,-0.12920451449283707,-0.19045309505088742,-0.04518471816566793
08_raw_lio_yaw,150.0,155.0,108,-0.009650169680021217,-0.06331337049749228,0.028589049459260062
08_raw_lio_yaw,155.0,160.0,79,0.047526762719260776,0.023222120272150246,0.06674360350193803
10_body_yaw_first,0.0,5.0,109,0.07213120810546764,0.0036509550744264793,0.08705991453425879
10_body_yaw_first,5.0,10.0,107,0.08671799780614861,0.07183416355347025,0.10022238838792578
10_body_yaw_first,10.0,15.0,108,0.080870353436648,0.0672972459621478,0.09842797409164648
10_body_yaw_first,15.0,20.0,106,0.07784292686459487,0.06466068865823743,0.09460963534609773
10_body_yaw_first,20.0,25.0,107,0.08359404155288469,0.0628272300064941,0.10389683324757681
10_body_yaw_first,25.0,30.0,108,0.07845381653894845,0.060959601217473416,0.09791545494083523
10_body_yaw_first,30.0,35.0,107,0.07954753761529565,0.06352954884979563,0.09788050371519998
10_body_yaw_first,35.0,40.0,107,0.08784297333027608,0.07385024576709612,0.10349920896880872
10_body_yaw_first,40.0,45.0,104,0.08510638196749504,0.06619831874575571,0.10373734803371275
10_body_yaw_first,45.0,50.0,108,0.08376618125431534,0.06835664141165954,0.10227618547993551
10_body_yaw_first,50.0,55.0,108,0.08167761654958366,0.06298053407006261,0.10045997337049452
10_body_yaw_first,55.0,60.0,114,0.07964829574918886,-0.09014172680654393,0.10280183921951
10_body_yaw_first,60.0,65.0,98,0.07312902447017447,0.026323851811093826,0.11553007057112055
10_body_yaw_first,65.0,70.0,103,0.03738724423623021,0.024332231278127954,0.05153648209662823
10_body_yaw_first,70.0,75.0,100,0.046544915312441704,0.03799525133574561,0.06503130174647279
10_body_yaw_first,75.0,80.0,96,0.045544535443198524,0.020671580517135035,0.06850098972183097
10_body_yaw_first,80.0,85.0,102,0.054523266374296914,0.04354726319821603,0.0661774427984544
10_body_yaw_first,85.0,90.0,100,0.053859871548373975,0.04131202856619354,0.07274992656465676
10_body_yaw_first,90.0,95.0,99,0.059525344244807606,0.03571593594061789,0.08783201887709335
10_body_yaw_first,95.0,100.0,102,0.05655143927470019,0.04391499564002407,0.07812519839934436
10_body_yaw_first,100.0,105.0,100,0.055107015029200124,0.042817889340664855,0.0674953899347639
10_body_yaw_first,105.0,110.0,99,0.04957433920022739,0.03861799661885725,0.06539804011826353
10_body_yaw_first,110.0,115.0,100,0.04640435452941717,0.024553646059172617,0.05848418097990102
10_body_yaw_first,115.0,120.0,99,0.06677899207487345,0.04465528869872093,0.08359785957826732
10_body_yaw_first,120.0,125.0,101,0.07414643283880348,0.052468029727260175,0.09035773378609989
10_body_yaw_first,125.0,130.0,99,0.050724753776517834,0.03836615405407082,0.07532611177227219
10_body_yaw_first,130.0,135.0,98,0.04241096928219366,0.02726688393280175,0.08280922822994546
10_body_yaw_first,135.0,140.0,95,0.05157790790080969,0.03229809761826809,0.06872421141432677
10_body_yaw_first,140.0,145.0,101,0.047327499619800505,0.026819453288376826,0.0827304085929764
10_body_yaw_first,145.0,150.0,98,0.03130769362509728,-0.02165638969271543,0.0939193345041796
10_body_yaw_first,150.0,155.0,112,0.0527252166522044,0.00010346951290717324,0.09436079493607635
10_body_yaw_first,155.0,160.0,81,0.10419683510121218,0.051212953356963076,0.16422981551395102
11_body_yaw_second,0.0,5.0,112,0.07266841924913775,0.0016625825513083782,0.09798253876822853
11_body_yaw_second,5.0,10.0,106,0.08700566438237661,0.06237333493311012,0.10462222530900164
11_body_yaw_second,10.0,15.0,108,0.09009715433566018,0.060188301090610824,0.10482230133279453
11_body_yaw_second,15.0,20.0,106,0.08973478153069818,0.06318529070241116,0.11004835752760526
11_body_yaw_second,20.0,25.0,107,0.10195310669517883,0.07992813233048392,0.11503454822524292
11_body_yaw_second,25.0,30.0,106,0.0909366166045868,0.07057770135403915,0.10994701773692805
11_body_yaw_second,30.0,35.0,106,0.09356712859095354,0.06010231416865405,0.11220083144157877
11_body_yaw_second,35.0,40.0,105,0.10619197185069375,0.07203741209455349,0.1309323429583733
11_body_yaw_second,40.0,45.0,107,0.1043271386093036,0.08191956585162928,0.1414917132383192
11_body_yaw_second,45.0,50.0,96,0.10860429339193937,0.08565193152250691,0.1634083332890914
11_body_yaw_second,50.0,55.0,107,0.10655362932787245,0.07792651702488623,0.12520094006404875
11_body_yaw_second,55.0,60.0,113,0.10805489254780394,-0.08353899435484638,0.1475992869935432
11_body_yaw_second,60.0,65.0,93,0.1014026149422053,0.06547150707351698,0.1727160490610964
11_body_yaw_second,65.0,70.0,99,0.07080748721528185,0.05178571341739435,0.09635330893034645
11_body_yaw_second,70.0,75.0,101,0.08357339175686386,0.06849359703328432,0.10117361953234627
11_body_yaw_second,75.0,80.0,99,0.09401627277264794,0.05701342535343636,0.11984820487444514
11_body_yaw_second,80.0,85.0,101,0.09785017421584775,0.07709275285782066,0.11631545313261982
11_body_yaw_second,85.0,90.0,99,0.1044362914650145,0.08213374016827947,0.13164379012502955
11_body_yaw_second,90.0,95.0,109,0.10249790117113902,0.08066992547272572,0.12549205571463762
11_body_yaw_second,95.0,100.0,122,0.12159800272285312,0.10028890237633137,0.14071123496763752
11_body_yaw_second,100.0,105.0,98,0.11425978048592805,0.1009663552999608,0.1273640500342949
11_body_yaw_second,105.0,110.0,99,0.1168628525815134,0.09972743686033597,0.1357557179465497
11_body_yaw_second,110.0,115.0,102,0.10887863034300804,0.07161776843867644,0.13153033352757731
11_body_yaw_second,115.0,120.0,100,0.14603927644171272,0.09433498279750956,0.17796952422256548
11_body_yaw_second,120.0,125.0,100,0.13897717473470644,0.12607302377236151,0.15455355307055033
11_body_yaw_second,125.0,130.0,100,0.11205986507740107,0.09006493888767357,0.1304159286050755
11_body_yaw_second,130.0,135.0,101,0.11123859823199893,0.09106459401745981,0.13859191890484113
11_body_yaw_second,135.0,140.0,101,0.12365411368513868,0.10523266362906329,0.1411013776415089
11_body_yaw_second,140.0,145.0,98,0.13484391495104475,0.10818330440949825,0.17334206110902606
11_body_yaw_second,145.0,150.0,103,0.09605538354309466,0.03988845091921705,0.17666647042809505
11_body_yaw_second,150.0,155.0,112,0.16872757207408556,0.09404278718070339,0.19099525235122553
11_body_yaw_second,155.0,160.0,79,0.18641988557981234,0.16893293251456862,0.20478663974065775
